 Title, Price, Brand
Gloves   24"   Universal Glove Size   Black   1 PR,$28.35,ECONOLINE
Polyfelt Filter Bag,$33.35,ECONOLINE
Underlayment  12 x 24  PK20,$17.95,ECONOLINE
Window Underlay  Pk5,$51.84,ALC
Acrylic Window,$14.20,ECONOLINE
Gloves   1 PR,$36.95,ECONOLINE
Gloves   1 PR,$68.00,ECONOLINE
Window Underlay  Pk5,$48.43,ALC
3xin Lens,$6.46,ALC
Deluxe Industrial Hood,$80.37,ALC
Blasting Gloves   1 PR,$39.90,ALC
Gloves   1 PR,$69.00,ALC
Filter Cartridge,$69.00,ECONOLINE
Window Underlay  12" X 24"  PK50,$97.00,ALC
LED Light Kit  Metal  30" x 11" x 3" Size,$401.60,ALC
LED Light Kit  Metal  52" x 11" x 3" Size,$600.00,ALC
Window Underlay,$10.50,ALC
Window  Replacement  Pk2,$16.80,ECONOLINE
Window,$8.14,ECONOLINE
Window,$36.00,ECONOLINE
Replacement Hose,$526.06,ALC
Blast Hose 1/2in ID x 8ft,$94.56,ALC
Blast Hose 1/2in ID x 10ft,$112.90,ALC
Blast Hose 1/2in ID x 15ft,$146.22,ALC
Blast Hose 1/2in ID x20ft,$190.23,ALC
